Job ID,Job URL,Job Title,Company Name,Status,Timestamp,WP ID
9ed19ff814de6488,https://es.linkedin.com/jobs/view/granada-oferta-grado-en-educaci%C3%B3n-primaria-m%C3%BAsica-at-salesianos-espa%C3%B1a-4434696790,GRANADA OFERTA GRADO EN EDUCACIÓN PRIMARIA -MÚSICA,Salesianos España,posted,2026-07-07T00:18:31.889309,15
c685202b7071aa11,https://es.linkedin.com/jobs/view/granada-oferta-grado-en-educaci%C3%B3n-primaria-educaci%C3%B3n-f%C3%ADsica-at-salesianos-espa%C3%B1a-4435006390,GRANADA OFERTA GRADO EN EDUCACIÓN PRIMARIA - EDUCACIÓN FÍSICA,Salesianos España,posted,2026-07-07T00:19:46.892031,17
90e1bc42705b53b9,https://es.linkedin.com/jobs/view/nova%21-administratiu-va-atenci%C3%B3-al-client-at-ajuntament-de-girona-4433185025,Nova! Administratiu/va atenció al client,,scraped,2026-07-07T00:19:49.534209,
0358dbae2aaebc57,https://es.linkedin.com/jobs/view/nova%21-oficial-a-1a-jardineria-at-ajuntament-de-girona-4433175512,Nova! Oficial/a 1a jardineria,,scraped,2026-07-07T00:19:56.898347,
5659d100d9f4b65d,https://es.linkedin.com/jobs/view/rhs-at-amavir-4435246847,RHS,,scraped,2026-07-07T00:20:04.190730,
35eb4448abf04ea8,https://es.linkedin.com/jobs/view/nova%21-entrenador-a-funcional-at-ajuntament-de-girona-4433162918,Nova! Entrenador/a funcional,,scraped,2026-07-07T00:20:19.042314,
6441a3dec088c8f8,https://es.linkedin.com/jobs/view/asvf-profesorado-infantil-primaria-rema-at-salesianos-espa%C3%B1a-4435439560,ASVF Profesorado INFANTIL - PRIMARIA (REMA),Salesianos España,posted,2026-07-07T00:20:35.128607,19
11e4abec1fcc5ddb,https://es.linkedin.com/jobs/view/profesores-de-refuerzo-escolar-at-apprentus-4435374345,Profesores de Refuerzo Escolar,,scraped,2026-07-07T00:20:37.762446,
c130d414cf0961ea,https://es.linkedin.com/jobs/view/responsable-interiorismo-para-caribe-at-catalonia-hotels-resorts-4434949802,Responsable Interiorismo para Caribe,,scraped,2026-07-07T00:20:44.798035,
cb56ff383f24d13c,https://es.linkedin.com/jobs/view/profesores-de-refuerzo-escolar-at-apprentus-4435382132,Profesores de Refuerzo Escolar,,scraped,2026-07-07T00:20:51.420678,
208c9172bf894da7,https://es.linkedin.com/jobs/view/dependiente-a-uniqlo-madrid-indefinido-part-time-at-uniqlo-4434607601,Dependiente/a UNIQLO Madrid (Indefinido-Part Time),,scraped,2026-07-07T00:20:58.704322,
25bfd512f3ae6d3b,https://es.linkedin.com/jobs/view/gu%C3%ADa-tur%C3%ADstico-at-andalusia-tour-travel-sl-4433136441,Guía turístico,ANDALUSIA TOUR TRAVEL SL,posted,2026-07-07T00:21:12.693987,21
fb4bc2917a606ed7,https://es.linkedin.com/jobs/view/montador-of-de-primera-planta-gnl-algeciras-cadiz-at-calderer%C3%ADas-ind%C3%A1licas-es-cim-ma-4436758215,MONTADOR OF DE PRIMERA  PLANTA GNL ALGECIRAS/CADIZ,,scraped,2026-07-07T00:21:15.378264,
4212c960e2cc4114,https://es.linkedin.com/jobs/view/jerez-lora-tamayo-profesor-a-franc%C3%A9s-e-ingl%C3%A9s-educaci%C3%B3n-secundaria-at-salesianos-espa%C3%B1a-4435114093,JEREZ LORA TAMAYO. PROFESOR/A FRANCÉS E INGLÉS EDUCACIÓN SECUNDARIA,Salesianos España,posted,2026-07-07T00:21:31.348842,23
3e79b387c5b29486,https://es.linkedin.com/jobs/view/nova%21-comercial-per-oficina-banc%C3%A0ria-at-ajuntament-de-girona-4433162919,Nova! Comercial per oficina bancària,,scraped,2026-07-07T00:21:34.106685,
981b3723f3b4d8fd,https://es.linkedin.com/jobs/view/reponedor-a-nocturno-para-mercado-sevilla-este-at-somos-grupo-mas-4434673434,REPONEDOR/A NOCTURNO PARA MERCADO SEVILLA ESTE,,scraped,2026-07-07T00:21:41.558424,
630adda6208fca63,https://es.linkedin.com/jobs/view/arquitecto-a-interiores-at-catalonia-hotels-resorts-4434958644,Arquitecto/a Interiores,,scraped,2026-07-07T00:22:53.660639,
e4049c60d750f66f,https://es.linkedin.com/jobs/view/docente-online-para-clases-de-refuerzo-en-todas-las-materias-at-tus-media-4435429541,Docente Online para Clases de Refuerzo en Todas las Materias,,scraped,2026-07-07T00:24:03.716147,
68965bec357009c0,https://es.linkedin.com/jobs/view/profesores-de-refuerzo-escolar-at-apprentus-4435365679,Profesores de Refuerzo Escolar,,scraped,2026-07-07T00:25:15.126194,
aa81cfc8764eee1f,https://es.linkedin.com/jobs/view/informador-a-cultural-at-esatur-4435480139,Informador/A Cultural,,scraped,2026-07-07T00:25:21.994358,
9f5aca633679aea5,https://es.linkedin.com/jobs/view/accommodation-revenue-coordinator-long-haul-east-at-tui-4436198759,Accommodation Revenue Coordinator - Long Haul East,,scraped,2026-07-07T00:25:34.106750,
2cce68c5a3a9fe3b,https://es.linkedin.com/jobs/view/product-manager-junior-at-domingo-alonso-group-4433172551,Product Manager (Junior),,scraped,2026-07-07T00:25:43.351374,
a39376ad288e7f37,https://es.linkedin.com/jobs/view/shipping-agent-at-gac-group-4429446339,Shipping Agent,,scraped,2026-07-07T00:25:50.428587,
258e5bfd3e324d1a,https://es.linkedin.com/jobs/view/driver-at-autozone-4435708912,Driver,AutoZone,posted,2026-07-07T00:26:06.615009,25
8a5179ed1c52b535,https://es.linkedin.com/jobs/view/pastelero-a-at-cafeteria-4436970856,Pastelero/a,CAFETERIA,posted,2026-07-07T00:26:16.581058,27
18f591f3ea1f7f16,https://es.linkedin.com/jobs/view/experienced-boat-builders-wanted-%E2%80%93-valencia-spain-at-king-marine-4435516974,"Experienced Boat Builders Wanted – Valencia, Spain",,scraped,2026-07-07T00:26:19.227737,
615c37ca5f8cc57a,https://es.linkedin.com/jobs/view/alba%C3%B1iles-at-oficina-de-empleo-%E2%96%AA%EF%B8%8F-comunidad-de-madrid-4435557621,ALBAÑILES,,scraped,2026-07-07T00:26:25.703358,
e668b78536f541d5,https://es.linkedin.com/jobs/view/consultor-de-subvenciones-at-orbalia-4436716371,Consultor de subvenciones,,scraped,2026-07-07T00:27:36.176850,
163c461b2c1a2599,https://es.linkedin.com/jobs/view/buscamos-cuidadores-as-internos-as-para-la-isla-de-gran-canaria-at-wayalia-4433127513,BUSCAMOS CUIDADORES/AS INTERNOS/AS PARA LA ISLA DE GRAN CANARIA,,scraped,2026-07-07T00:27:42.703723,
e729e0b07b6c47fc,https://es.linkedin.com/jobs/view/purchasing-store-clerk-at-mandarin-oriental-4427092388,Purchasing - Store Clerk,,scraped,2026-07-07T00:28:54.080501,
32a82570f5f7e6ee,https://es.linkedin.com/jobs/view/comercial-de-lubricantes-para-bizkaia-at-walt-hr-by-evolus-4433162643,Comercial de Lubricantes para Bizkaia,,scraped,2026-07-07T00:29:00.819365,
3dab88f0cfb76ef8,https://es.linkedin.com/jobs/view/recepcionista-at-escuela-de-formaci%C3%B3n-sem-4435104211,Recepcionista,,scraped,2026-07-07T00:29:08.340695,
61dadfd581b2991f,https://es.linkedin.com/jobs/view/vacante-interna-at-tessera-4434308758,Vacante Interna,Tessera,posted,2026-07-07T00:29:25.211459,29
b8ba8083af156170,https://es.linkedin.com/jobs/view/nueva-apertura-teen-madrid-c-comercial-la-vaguada-30-24-20-16-12-8-h-at-mango-4436702645,NUEVA APERTURA TEEN MADRID C.COMERCIAL LA VAGUADA 30/24/20/16/12/8 H,,scraped,2026-07-07T00:29:27.954503,
d4876bc880f74fa5,https://es.linkedin.com/jobs/view/asvf-profesorado-infantil-primaria-c-c1-valenciano-%2B-b2-ingl%C3%A9s-%2B-deca-%2B-otras-menciones-at-salesianos-espa%C3%B1a-4436042886,ASVF Profesorado INFANTIL - PRIMARIA C/C1 VALENCIANO + B2 INGLÉS + DECA + OTRAS MENCIONES,Salesianos España,posted,2026-07-07T00:29:42.746701,31
baae490243f9a23a,https://es.linkedin.com/jobs/view/colaborador-de-tienda-20-horas-islazul-at-h%C3%B4ma-4435791616,Colaborador de tienda 20 horas Islazul,,scraped,2026-07-07T00:29:45.386470,
186cd75508b07a2c,https://es.linkedin.com/jobs/view/profesor-y-tutor-para-apoyo-escolar-y-clases-particulares-at-apprentus-4435244487,Profesor Y Tutor Para Apoyo Escolar Y Clases Particulares,,scraped,2026-07-07T00:29:52.575343,
195d63386bde798a,https://es.linkedin.com/jobs/view/matar%C3%B3-educador-auxiliar-siei-plus-prim%C3%A0ria-at-salesianos-espa%C3%B1a-4434369764,MATARÓ. EDUCADOR AUXILIAR SIEI PLUS PRIMÀRIA,Salesianos España,posted,2026-07-07T00:30:07.931441,33
0301366f8300e8f1,https://es.linkedin.com/jobs/view/finance-manager-at-catalonia-hotels-resorts-4436330418,Finance Manager,,scraped,2026-07-07T00:30:10.531846,
e3710ea2f2c0bfe3,https://es.linkedin.com/jobs/view/recolector-comercial-at-autozone-4435469262,RECOLECTOR COMERCIAL,AutoZone,posted,2026-07-07T00:30:25.232966,35
ef8300ac71765382,https://es.linkedin.com/jobs/view/italian-payroll-associate-at-strada-4385464576,Italian Payroll Associate,Strada,posted,2026-07-07T00:30:34.280489,37
9b6d0cbb72a2ea21,https://es.linkedin.com/jobs/view/valet-attendant-at-mett-marbella-estepona-4435423803,Valet Attendant,METT Marbella - Estepona,posted,2026-07-07T00:30:45.570993,39
a57d40a4b648892e,https://es.linkedin.com/jobs/view/coordinador-a-de-veh%C3%ADculos-de-ocasi%C3%B3n-at-toyoten-s-l-4437157934,Coordinador/a de Vehículos de Ocasión,,scraped,2026-07-07T00:30:48.179342,
d5e7cf89130c3771,https://es.linkedin.com/jobs/view/consultor-laboral-at-auditec-consultores-y-asesores-s-l-4437445219,Consultor laboral,,scraped,2026-07-07T00:30:54.523438,
0001e060584e1979,https://es.linkedin.com/jobs/view/conductor-a-c%2Be-viajes-a-inglaterra-at-tdrjobs-4436224957,Conductor/a C+E viajes a Inglaterra,,scraped,2026-07-07T00:32:06.090395,
81f5ea4a8b1714be,https://es.linkedin.com/jobs/view/camarero-a-at-grupo-la-bastilla-4434921454,Camarero /a,,scraped,2026-07-07T00:32:12.997322,
830dd33b3797eea7,https://es.linkedin.com/jobs/view/limpiador-a-de-cocina-at-riu-hotels-resorts-4434697218,LIMPIADOR/A DE COCINA,,scraped,2026-07-07T00:32:22.457951,
4b08f251ba92f33a,https://es.linkedin.com/jobs/view/marketplace-specialist-at-harper-neyer-4432756613,Marketplace Specialist,,scraped,2026-07-07T00:33:32.866040,
b5da0b2924b31fc0,https://es.linkedin.com/jobs/view/ayudante-de-reparto-at-ahembo-s-l-4437425987,Ayudante de reparto,"Ahembo, S.L.",posted,2026-07-07T00:33:48.625297,41
9784d8f039f59ca1,https://es.linkedin.com/jobs/view/deals-d4d-specialist-granada-m%C3%A1laga-at-pwc-espa%C3%B1a-4380913261,DEALS | D4D Specialist Granada/Málaga,,scraped,2026-07-07T00:33:51.254314,
a994d9ae54ca39cc,https://es.linkedin.com/jobs/view/tasador-externo-marz%C3%A1n-at-grupo-atvalor-4436041573,Tasador Externo (Marzán),,scraped,2026-07-07T00:33:58.247589,
1173ecb7d8d671f2,https://es.linkedin.com/jobs/view/tasador-externo-pacios-at-grupo-atvalor-4436010026,Tasador Externo (Pacios),,scraped,2026-07-07T00:34:05.302272,
512d5f6829f0f277,https://es.linkedin.com/jobs/view/electro-optic-eo-detector-characterization-at-the-strategic-spectrum-missions-advanced-resilient-trusted-systems-s%C2%B2marts-ota-4436042061,Electro-Optic (EO) Detector Characterization,,scraped,2026-07-07T00:34:12.326480,
abb5fd5647ad7dc1,https://es.linkedin.com/jobs/view/urgente-personal-para-promociones-inventarios-implantaciones-etc-at-tpv-canarias-4433926198,"URGENTE PERSONAL PARA PROMOCIONES, INVENTARIOS, IMPLANTACIONES ETC....",TPV Canarias,posted,2026-07-07T00:34:25.657137,43
2e32906fffa2e998,https://es.linkedin.com/jobs/view/caddy-master-las-colinas-golf-country-club-at-las-colinas-golf-country-club-4433927769,Caddy Master- Las Colinas Golf & Country Club,,scraped,2026-07-07T00:34:28.246963,
2185e8af181badcb,https://es.linkedin.com/jobs/view/coordinador-gu%C3%ADa-de-monta%C3%B1a-at-wexcursion-4437193826,Coordinador/Guía de Montaña,,scraped,2026-07-07T00:34:43.330052,
7e281be8dacbf3fd,https://es.linkedin.com/jobs/view/auxiliar-de-servicios-at-dream-executive-services-s-l-4433760134,AUXILIAR DE SERVICIOS,,scraped,2026-07-07T00:34:50.370551,
bfac533a23d3428d,https://es.linkedin.com/jobs/view/ayudante-a-de-cocina-y-friegaplatos-at-m-4435385182,Ayudante/a de Cocina y Friegaplatos,M,posted,2026-07-07T00:35:08.515732,45
ae5cb09c55234356,https://es.linkedin.com/jobs/view/responsable-de-jardines-at-castell-son-claret-mallorca-4437148358,Responsable de Jardines,,scraped,2026-07-07T00:35:11.059696,
e8c349c1d1996290,https://www.linkedin.com/jobs/view/38041/,"9,000+Senior Scientist Jobs in United States",,failed|wp_post_failed,2026-07-07T00:35:20.488176,
b66cf4c909dca5dc,https://es.linkedin.com/jobs/view/ingenieros-as-junior-programa-sector-medioambiental-at-veolia-espa%C3%B1a-4436966041,Ingenieros/as Junior -  Programa Sector Medioambiental,,scraped,2026-07-07T00:35:23.112080,
88c41d860dbcf95d,https://es.linkedin.com/jobs/view/ayudantes-secci%C3%B3n-de-carnicer%C3%ADa-a-30h-para-san-juan-del-puerto-at-somos-grupo-mas-4434612222,AYUDANTES SECCIÓN de CARNICERÍA a 30h para SAN JUAN DEL PUERTO,,scraped,2026-07-07T00:35:30.234912,
163b61329a7e0325,https://es.linkedin.com/jobs/view/dependiente-a-uniqlo-barcelona-indefinido-at-uniqlo-4434152679,Dependiente/a UNIQLO Barcelona (Indefinido),,scraped,2026-07-07T00:35:38.741079,
b893ab829c689f1b,https://es.linkedin.com/jobs/view/dependiente-de-moda-eci-bah%C3%ADa-de-c%C3%A1diz-sustituci%C3%B3n-temporal-36h-at-harper-neyer-4433171071,Dependiente de moda - ECI Bahía de Cádiz (Sustitución temporal 36h),,scraped,2026-07-07T00:35:45.349586,
0fcbca818a0dd7e8,https://es.linkedin.com/jobs/view/administrativo-rrhh-at-momentum-4433964117,Administrativo RRHH,,scraped,2026-07-07T00:35:53.027711,
22a6b1413f4d16b9,https://es.linkedin.com/jobs/view/botones-sustituci%C3%B3n-at-abba-hoteles-4436751437,Botones (Sustitución),,scraped,2026-07-07T00:35:59.716234,
3e407edd75440cb7,https://es.linkedin.com/jobs/view/gerocultor-a-residencia-usera-varios-turnos-bolsa-empleo-at-macrosad-4435822505,GEROCULTOR/A RESIDENCIA USERA VARIOS TURNOS (BOLSA EMPLEO),,scraped,2026-07-07T00:37:11.187326,
4937838bad3b8967,https://es.linkedin.com/jobs/view/t%C3%A9cnico-a-de-mantenimiento-e%C3%B3lico-%E2%80%93-contrato-indefinido-lugo-at-tecnorenova-4434348265,Técnico/A De Mantenimiento Eólico – Contrato Indefinido (Lugo),,scraped,2026-07-07T00:37:19.168139,
0ebe0ba2e942f403,https://es.linkedin.com/jobs/view/t%C3%A9cnico-a-desarrollo-y-formaci%C3%B3n-at-prim-s-a-4434318499,TÉCNICO/A DESARROLLO Y FORMACIÓN,,scraped,2026-07-07T00:37:31.049965,
1cbfd8aae9f9b645,https://es.linkedin.com/jobs/view/workshop-leader-game-development-bilbao-at-tumo-bilbao-bizkaia-4436223808,Workshop Leader | Game Development (Bilbao),TUMO Bilbao-Bizkaia,posted,2026-07-07T00:37:49.924767,47
80969829922e24ac,https://es.linkedin.com/jobs/view/t%C3%A9cnico-a-de-selecci%C3%B3n-junior-at-globales-4434963657,Técnico/a de Selección Junior,,scraped,2026-07-07T00:37:52.648545,
a5dfdc03a0d94bb1,https://es.linkedin.com/jobs/view/oficial-asimilado-at-hidrotecnia-piramides-3597928309,Oficial asimilado,,scraped,2026-07-07T00:38:03.033988,
da7484b8091dee68,https://es.linkedin.com/jobs/view/pepper-breeder-m-f-d-at-kws-group-4408528870,Pepper Breeder (m/f/d),,scraped,2026-07-07T00:38:17.141368,
aa4b7d7b1f44724e,https://es.linkedin.com/jobs/view/crew-scheduling-officer-at-level-airlines-4435455271,Crew Scheduling Officer,,scraped,2026-07-07T00:38:24.324363,
2b9d7486154db55e,https://es.linkedin.com/jobs/view/accounts-payable-at-randstad-4433183471,Accounts Payable,,scraped,2026-07-07T00:38:31.110149,
0429c6f80841dc84,https://es.linkedin.com/jobs/view/pizzero-a-at-restaurante-la-despensa-4436163401,Pizzero/a,Restaurante la Despensa,posted,2026-07-07T00:38:43.665255,49
e8c90a56597fc19b,https://es.linkedin.com/jobs/view/fontanero-4436758279,Fontanero,PROIM BALEAR,posted,2026-07-07T00:38:51.543843,51
bd6d308cfe66f674,https://es.linkedin.com/jobs/view/document-controller-at-atg-europe-4434316850,Document Controller,,scraped,2026-07-07T00:38:54.230992,
dbeadd71d5787226,https://es.linkedin.com/jobs/view/repartidor-at-ardanbera-distribuciones-exclusivas-4435531376,Repartidor,,scraped,2026-07-07T00:39:03.730282,
835033ec68071c2e,https://es.linkedin.com/jobs/view/turismo-intern-at-nuba-4435443289,Turismo Intern,,scraped,2026-07-07T00:39:10.004597,
1e551cd336fd8534,https://es.linkedin.com/jobs/view/profesores-tutores-de-refuerzo-escolar-clases-particulares-at-apprentus-4435383157,Profesores/tutores de Refuerzo escolar clases particulares,,scraped,2026-07-07T00:39:17.271892,
06993e71c01e9eed,https://es.linkedin.com/jobs/view/auxiliar-administrativo-con-enfoque-en-rrhh-at-grupo-paraguas-4435377712,Auxiliar administrativo con enfoque en RRHH,Grupo Paraguas,posted,2026-07-07T00:39:35.851036,53
3b7509d50b6a2087,https://es.linkedin.com/jobs/view/formador-a-freelance-a-docentes-at-telef%C3%B3nica-4435473906,Formador/a Freelance a docentes,,scraped,2026-07-07T00:39:38.552758,
cfad692b490f41d2,https://es.linkedin.com/jobs/view/digital-marketing-manager-at-nabu-casa-4436731880,Digital Marketing Manager,Nabu Casa,posted,2026-07-07T00:40:56.758543,55
a1b01af525f4d7fe,https://es.linkedin.com/jobs/view/digital-marketing-manager-at-nabu-casa-4436734767,Digital Marketing Manager,Nabu Casa,scraped,2026-07-07T00:41:01.090388,
96c3c8aa982c2de4,https://es.linkedin.com/jobs/view/administrativo-a-dpto-log%C3%ADstica-at-roeirasa-4436777498,Administrativo/a Dpto Logística,,scraped,2026-07-07T00:41:03.681928,
8aaa3c2f6b54042f,https://es.linkedin.com/jobs/view/perfil-reci%C3%A9n-titulado-%C3%A1rea-de-compra-at-mutua-madrile%C3%B1a-4435042580,Perfil recién titulado | Área de Compra,,scraped,2026-07-07T00:42:18.732238,
2fffe51b2dde4176,https://es.linkedin.com/jobs/view/secundaria-biolog%C3%ADa-y-matem%C3%A1ticas-at-colegios-jesuitas-fundaci%C3%B3n-educativa-jesuitas-centro-este-4435086710,Secundaria-Biología y Matemáticas,,scraped,2026-07-07T00:43:29.622435,
654eef5502fc5d55,https://es.linkedin.com/jobs/view/supervisor-a-de-limpieza-at-construcciones-hispano-germanas-sa-4433795403,Supervisor/a de Limpieza,,scraped,2026-07-07T00:44:42.303148,
80325f4eb2f56ff6,https://es.linkedin.com/jobs/view/vigilante-de-seguridad-algeciras-at-securitas-seguridad-espa%C3%B1a-4342232359,Vigilante de Seguridad (Algeciras),,scraped,2026-07-07T00:44:50.581213,
60d5b5f6a5e6fb3f,https://es.linkedin.com/jobs/view/manipulador-a-de-fruita-at-imo-salvador-segu%C3%AD-4434628669,Manipulador/a de fruita,,scraped,2026-07-07T00:44:57.544302,
49d4d5c23700ec22,https://es.linkedin.com/jobs/view/mozo-a-de-pisos-meli%C3%A1-benidorm-at-meli%C3%A1-hotels-international-4436398973,Mozo/a de pisos - Meliá Benidorm,Meliá Hotels International,posted,2026-07-07T00:45:19.877977,57
56f9247f457b73f8,https://es.linkedin.com/jobs/view/spanish-payroll-senior-associate-at-strada-4423136883,"Spanish Payroll, Senior Associate",Strada,posted,2026-07-07T00:45:29.104061,59
67ceb8aa98dfd3d8,https://es.linkedin.com/jobs/view/mec%C3%A0nic-a-at-imo-salvador-segu%C3%AD-4435749062,Mecànic/a,,scraped,2026-07-07T00:45:31.671892,
e76d6a29eb876f2b,https://es.linkedin.com/jobs/view/vigilante-de-seguridad-alicante-at-securitas-seguridad-espa%C3%B1a-4342112958,Vigilante de Seguridad (Alicante),,scraped,2026-07-07T00:46:42.327921,
4524f54c4153f848,https://es.linkedin.com/jobs/view/door-attendant-at-the-ritz-carlton-hotel-company-l-l-c-4436247972,Door Attendant,"The Ritz-Carlton Hotel Company, L.L.C.",posted,2026-07-07T00:46:57.711446,61
caeba622aca0b732,https://es.linkedin.com/jobs/view/vigilante-de-seguridad-centros-comerciales-asturias-at-securitas-seguridad-espa%C3%B1a-4342282287,Vigilante de Seguridad Centros Comerciales (Asturias),,scraped,2026-07-07T00:47:00.400774,
ba90c870b923bf53,https://es.linkedin.com/jobs/view/vigilante-de-seguridad-fuerteventura-at-securitas-seguridad-espa%C3%B1a-4342082887,Vigilante de Seguridad (Fuerteventura),,scraped,2026-07-07T00:47:07.303172,
d3217f56d606c1e6,https://es.linkedin.com/jobs/view/tasador-externo-nacional-altos-honorarios-y-capacitaci%C3%B3n-at-grupo-atvalor-4436002401,Tasador Externo Nacional | Altos Honorarios Y Capacitación,,scraped,2026-07-07T00:47:14.801224,
5333787b26e378e4,https://es.linkedin.com/jobs/view/educador-a-social-algeciras-c%C3%A1diz-at-samu-4436306605,"Educador/a Social - Algeciras, Cádiz",,scraped,2026-07-07T00:47:21.996554,
5d6b99c972db979a,https://es.linkedin.com/jobs/view/recepcionista-at-the-ritz-carlton-hotel-company-l-l-c-4435729060,Recepcionista,"The Ritz-Carlton Hotel Company, L.L.C.",posted,2026-07-07T00:47:35.572652,63
4023535190a1cf28,https://es.linkedin.com/jobs/view/orientador-a-laboral-freelance-100%25-remoto-at-ironhack-4434675409,Orientador/a Laboral -Freelance 100% Remoto,Ironhack,posted,2026-07-07T00:47:45.620570,65
5dc9ecd604a11d3e,https://es.linkedin.com/jobs/view/personal-abastecimiento-at-vicedo-mart%C3%AD-s-l-4436788225,Personal abastecimiento,,scraped,2026-07-07T00:47:48.249901,
b680a1fa06f6ff19,https://es.linkedin.com/jobs/view/atenci%C3%B3n-al-cliente-y-comercial-tienda-c%C3%A1ceres-at-fuxiona-4435137569,ATENCIÓN AL CLIENTE Y COMERCIAL TIENDA CÁCERES,Fuxiona,posted,2026-07-07T00:48:10.099242,67
08aa91b228e6e155,https://es.linkedin.com/jobs/view/t%C3%A9cnico-a-de-mantenimiento-e%C3%B3lico-ge-%E2%80%94-indefinido-at-tecnorenova-4434669143,Técnico/A De Mantenimiento Eólico (Ge) — Indefinido,,scraped,2026-07-07T00:48:12.757241,
a9a950c1ef08f7be,https://es.linkedin.com/jobs/view/gu%C3%ADa-tur%C3%ADstico-at-universal-beach-hotels-4436051220,Guía Turístico,,scraped,2026-07-07T00:48:24.745721,
9cd0a576906dffca,https://es.linkedin.com/jobs/view/grupo-profand-busca-un-perfil-junior-de-comunicaci%C3%B3n-corporativa-en-vigo-at-extradixital-4433759354,Grupo Profand busca un perfil junior de comunicación corporativa en Vigo,Extradixital,posted,2026-07-07T00:51:25.048111,69
8c57736d67491537,https://es.linkedin.com/jobs/view/reponedor-a-at-merchanservis-4436165347,Reponedor/a,Merchanservis,posted,2026-07-07T00:52:44.769652,71
0688b174c31e8df3,https://es.linkedin.com/jobs/view/operario-a-de-log%C3%ADstica-y-almac%C3%A9n-at-powerco-4434966750,Operario/a de Logística y Almacén,,scraped,2026-07-07T00:52:47.511228,
84f9e660e39c6e51,https://es.linkedin.com/jobs/view/repartidor-profesional-at-autozone-4427262044,REPARTIDOR PROFESIONAL,AutoZone,posted,2026-07-07T00:54:06.852689,73
afd720261fd50161,https://es.linkedin.com/jobs/view/italian-payroll-senior-associate-at-strada-4385751147,Italian Payroll Senior Associate,Strada,posted,2026-07-07T00:54:16.238284,75
13830a73327376af,https://es.linkedin.com/jobs/view/hospitality-asset-manager-at-airnest-4435465755,Hospitality Asset Manager,,scraped,2026-07-07T00:54:18.867517,
dc29896d9dad65db,https://es.linkedin.com/jobs/view/project-buyer-at-valeo-4428117447,Project Buyer,,scraped,2026-07-07T00:54:25.247864,
481f7efed5fed141,https://es.linkedin.com/jobs/view/seafreight-operator-at-tiba-4431904001,Seafreight Operator,,scraped,2026-07-07T00:54:32.426122,
d09c5f9743bcb658,https://es.linkedin.com/jobs/view/administrador-de-propiedades-inmobiliarias-at-sepepa-servicio-p%C3%BAblico-de-empleo-del-principado-de-asturias-4436085707,Administrador de propiedades inmobiliarias,,scraped,2026-07-07T00:54:39.407568,
6a7a24461ab102a3,https://es.linkedin.com/jobs/view/trabajar-de-repartidor-a-carnet-b-en-murcia-at-aquaservice-viva-aqua-service-spain-s-a-4433187450,TRABAJAR DE REPARTIDOR/A CARNET B EN MURCIA,,scraped,2026-07-07T00:54:46.836405,
075a09335bd099d7,https://es.linkedin.com/jobs/view/agent-check-in-logistics-m-f-d-marbella-at-sixt-4423528407,Agent Check-In & Logistics (m/f/d) - Marbella,,scraped,2026-07-07T00:54:53.888169,
ecc3f038a879ee5c,https://es.linkedin.com/jobs/view/limpiador-a-at-limpieza-y-desinfeccion-de-edificios-y-locales-renet-sl-4433959639,Limpiador/a,,scraped,2026-07-07T00:55:00.471712,
b219fbd780b5cc4a,https://es.linkedin.com/jobs/view/guest-relations-h-m-at-sarena-de-muro-resort-mallorca-part-of-destination-by-hyatt-4432383238,GUEST RELATIONS (H/M),Sarena de Muro Resort Mallorca - Part of Destination by Hyatt,posted,2026-07-07T00:55:16.982116,77
399a9989d741e53b,https://es.linkedin.com/jobs/view/inspector-a-de-gas-at-sgs-4433913909,Inspector/a de gas,,scraped,2026-07-07T00:55:19.621085,
aebb4f141bc058f9,https://es.linkedin.com/jobs/view/montador-de-andamios-at-sarbel-vertical-s-l-4433189678,MONTADOR DE ANDAMIOS,,scraped,2026-07-07T00:56:29.931307,
3569986508259920,https://es.linkedin.com/jobs/view/personal-de-tr%C3%A1fico-tanto-t-i-r-redes-nacional-at-transnatur-norte-sl-4436310046,"Personal de tráfico tanto T.I.R,,  REDES & NACIONAL",TRANSNATUR NORTE SL,posted,2026-07-07T00:56:45.814099,79
88edd211feb31db2,https://es.linkedin.com/jobs/view/account-manager-balearic-islands-at-hbx-group-4434620714,Account Manager Balearic Islands,,scraped,2026-07-07T00:56:48.539593,
4724c34c26abf6f8,https://es.linkedin.com/jobs/view/pizzaiolo-a-ayudante-de-pizzeria-coru%C3%B1a-at-grosso-napoletano-4436914670,PIZZAIOLO/A - AYUDANTE DE PIZZERIA - CORUÑA,Grosso Napoletano,posted,2026-07-07T00:58:10.063462,81
5b4a1d7fc2672d2c,https://es.linkedin.com/jobs/view/camarero-a-at-cafeteria-4434941313,Camarero/a,CAFETERIA,posted,2026-07-07T00:58:19.741809,83
2bdc265040150a33,https://es.linkedin.com/jobs/view/building-manager-property-management-at-savills-espa%C3%B1a-4436339170,Building Manager - Property Management,,scraped,2026-07-07T00:58:22.337493,
0a3b0a0d7e786242,https://es.linkedin.com/jobs/view/recruiter-at-solera-holdings-llc-4426098118,Recruiter,"Solera Holdings, LLC.",posted,2026-07-07T00:58:35.575530,85
1435b1159564d0ce,https://es.linkedin.com/jobs/view/conductor-a-autob%C3%BAs-at-sagal%C3%A9s-4435437378,Conductor/a autobús,,scraped,2026-07-07T00:58:38.243265,
91c17c8f231c743b,https://es.linkedin.com/jobs/view/administrador-de-fincas-at-medifincas-4432788787,ADMINISTRADOR DE FINCAS,,scraped,2026-07-07T00:58:45.615640,
4e9101838a221715,https://es.linkedin.com/jobs/view/inspector-a-de-industria-at-bureau-veritas-4432757473,Inspector/a de Industria,,scraped,2026-07-07T00:59:57.674996,
fe44122fb52ac3ec,https://es.linkedin.com/jobs/view/especialista-limpieza-cristales-y-trabajos-de-abrillantado-at-samyl-4433704263,Especialista limpieza cristales y trabajos de abrillantado,,scraped,2026-07-07T01:00:04.533667,
4e7724e363d648e7,https://es.linkedin.com/jobs/view/vigilante-de-seguridad-at-vissegur-4433751657,VIGILANTE DE SEGURIDAD,,scraped,2026-07-07T01:00:12.777027,
227b2d4bda643a9c,https://es.linkedin.com/jobs/view/inspector-a-reglamentario-gran-canaria-at-apave-spain-antes-eurocontrol-4436202760,Inspector/a reglamentario Gran Canaria,,scraped,2026-07-07T01:00:21.101580,
067144cf9a166586,https://es.linkedin.com/jobs/view/payroll-specialist-us-at-jetbrains-4433974466,Payroll Specialist (US),,scraped,2026-07-07T01:00:28.360885,
a0cd1ba60bd4d584,https://es.linkedin.com/jobs/view/repartidor-a-ma%C3%B1anas-carnet-c-at-frit-ravich-4431935892,REPARTIDOR/A MAÑANAS (Carnet C),,scraped,2026-07-07T01:01:38.296087,
1c2254f5df62bb95,https://es.linkedin.com/jobs/view/personal-sala-comida-r%C3%A1pida-at-rapid-classic-sl-4436974736,Personal Sala(comida rápida),RAPID CLASSIC SL,posted,2026-07-07T01:01:56.913920,87
99cfb0e04c20df9d,https://es.linkedin.com/jobs/view/pre-breeder-at-enza-zaden-4427557190,Pre-Breeder,,scraped,2026-07-07T01:01:59.558988,
631441b5d552b3cf,https://es.linkedin.com/jobs/view/dansker-til-vort-kontor-t%C3%A6t-p%C3%A5-alicante-at-lexington-realty-4436359231,Dansker til vort kontor tæt på Alicante,,scraped,2026-07-07T01:03:10.410732,
018424770218bc0d,https://es.linkedin.com/jobs/view/planner-comercial-at-confidential-careers-4433175327,Planner Comercial,,scraped,2026-07-07T01:04:21.569041,
196fab7edf8a9428,https://es.linkedin.com/jobs/view/repartidor-a-amb-funcions-de-gesti%C3%B3-de-magatzem-at-imo-salvador-segu%C3%AD-4434623800,Repartidor/a amb funcions de gestió de magatzem,,scraped,2026-07-07T01:05:32.190591,
9228acf3d83ff7da,https://es.linkedin.com/jobs/view/supervisor-housekeeping-jumeirah-mallorca-at-jumeirah-4428825100,Supervisor - Housekeeping - Jumeirah Mallorca,,scraped,2026-07-07T01:05:39.410203,
0dcda52144457dda,https://es.linkedin.com/jobs/view/anestesista-4436796888,Anestesista,Hospital de Don Benito - Villanueva de la Serena,posted,2026-07-07T01:06:57.507435,89
b36432b28ef6930a,https://es.linkedin.com/jobs/view/ayudante-a-de-cocina-at-soul-coffee-beer-4436150890,Ayudante/a de Cocina,,scraped,2026-07-07T01:07:00.111352,
5c5bccd01597c850,https://me.linkedin.com/jobs/view/senior-iaas-kubernetes-platform-engineer-worldwide-remote-work-anywhere-at-cloudlinux-4403705715,"Senior IaaS / Kubernetes Platform Engineer (Worldwide Remote, Work Anywhere)",,scraped,2026-07-07T01:08:12.357088,
fc8d876992aed654,https://es.linkedin.com/jobs/view/assistant-store-manager-valencia-store-40h-at-scalpers-4432335460,"Assistant Store Manager, Valencia Store -40h-",,scraped,2026-07-07T01:08:19.467128,
24d4dd79b35e9d8d,https://es.linkedin.com/jobs/view/t%C3%A9cnico-a-de-mantenimiento-para-supermercado-en-cervera-at-mercadona-4433938181,Técnico/a de Mantenimiento para supermercado en Cervera,,scraped,2026-07-07T01:09:29.549771,
b8e0a195d0d40f2b,https://es.linkedin.com/jobs/view/especialista-en-ofertas-de-instalaciones-at-blauverd-4434350283,Especialista En Ofertas De Instalaciones,,scraped,2026-07-07T01:09:37.312277,
314f23caf164bd74,https://es.linkedin.com/jobs/view/colorista-at-lechler-spa-4428212400,Colorista,Lechler Spa,posted,2026-07-07T01:11:31.937583,91
4ebc18f211e350ff,https://es.linkedin.com/jobs/view/back-office-alimentaci%C3%B3n-cuentas-clave-at-jeong-people-4434338921,Back Office Alimentación | cuentas clave,Jeong People,posted,2026-07-07T01:11:44.051243,93
551125912558799d,https://es.linkedin.com/jobs/view/t%C3%A9cnico-a-laboratorio-100%25-laboratorio-central-alcobendas-madrid-at-sanitas-4435044914,Técnico/a Laboratorio -(100%) - Laboratorio Central Alcobendas ( Madrid),,scraped,2026-07-07T01:11:46.779766,
c6797e6e3837198a,https://es.linkedin.com/jobs/view/estudiante-grado-farmacia-aranjuez-at-farmacias-trebol-4435291501,Estudiante Grado Farmacia  - Aranjuez,,scraped,2026-07-07T01:11:54.641063,
ed49abb7427c125c,https://es.linkedin.com/jobs/view/performance-marketing-manager-madrid-at-canva-4435234554,"Performance Marketing Manager, Madrid",,scraped,2026-07-07T01:13:05.910694,
c0c88a633db91121,https://es.linkedin.com/jobs/view/auxiliar-administrativo-at-omnitel-4436724108,Auxiliar administrativo,,scraped,2026-07-07T01:13:12.843473,
d0bfe4ca481243e4,https://es.linkedin.com/jobs/view/almacenista-20-horas-ma%C3%B1anas-at-merkal-4434344803,ALMACENISTA 20 horas (mañanas),,scraped,2026-07-07T01:13:23.480164,
693ae6272a2dc7c0,https://es.linkedin.com/jobs/view/t%C3%A9cnico-a-mejora-continua-at-florette-ib%C3%A9rica-4435449843,TÉCNICO/A MEJORA CONTINUA,,scraped,2026-07-07T01:14:36.533514,
01c42a468ce4d349,https://es.linkedin.com/jobs/view/responsable-de-oficina-t%C3%A9cnica-de-proyectos-contract-mobiliario-at-actiu-4434342866,Responsable de Oficina Técnica de Proyectos (Contract/Mobiliario),,scraped,2026-07-07T01:15:47.424927,
c97995ac80193518,https://es.linkedin.com/jobs/view/t%C3%A9cnico-a-instalador-a-ftth-para-cieza-murcia-at-pcrestore-telecomunicaciones-4432791724,Técnico/a Instalador/a FTTH  para Cieza (Murcia),,scraped,2026-07-07T01:15:55.253658,
82d7e75265b19d87,https://es.linkedin.com/jobs/view/jefe-de-log%C3%ADstica-los-barrios-at-rpc-espa%C3%B1a-4435249787,Jefe de Logística - Los Barrios,,scraped,2026-07-07T01:16:16.700396,
bb144f9db9ad6147,https://es.linkedin.com/jobs/view/reponedor-a-at-merchanservis-4436928209,Reponedor/a,Merchanservis,posted,2026-07-07T01:19:46.284778,71
cafb89962cbf043a,https://es.linkedin.com/jobs/view/administrativo-de-log%C3%ADstica-junior-at-pvh-pvhardware-4434950500,Administrativo de logística Junior,,scraped,2026-07-07T01:19:48.972044,
98a6db80ca67ec35,https://es.linkedin.com/jobs/view/vendedor-a-departamento-comercial-ref-4977-at-caf%C3%A9s-el-globo-4436054071,Vendedor/A Departamento Comercial (Ref: 4977),,scraped,2026-07-07T01:19:56.457431,
4b866ef7f42ce90a,https://es.linkedin.com/jobs/view/modelador-a-bim-revit-tekla-at-1a-ingenieros-4432777392,Modelador/a BIM (Revit &Tekla),1A Ingenieros,posted,2026-07-07T01:21:17.033958,95
fa2efee4226acae4,https://es.linkedin.com/jobs/view/limpiador-a-sevilla-sevilla-fashion-oulet-at-servalia-4435114889,LIMPIADOR/A SEVILLA ( Sevilla Fashion Oulet),,scraped,2026-07-07T01:21:19.971568,
2ae4d7b6498c533a,https://es.linkedin.com/jobs/view/cuidador-a-de-personas-mayores-at-hotel-4436917499,Cuidador/a de Personas Mayores,Hotel,posted,2026-07-07T01:21:34.931367,97
11bbf44cc0878182,https://es.linkedin.com/jobs/view/topographic-surveyor-at-utopia-design-4436429779,Topographic Surveyor,,scraped,2026-07-07T01:21:37.804628,
134892f86f8c15c0,https://es.linkedin.com/jobs/view/responsable-de-gesti%C3%B3n-financiera-del-programa-espa%C3%B1a-madrid-at-fundaci%C3%B3n-ayuda-en-acci%C3%B3n-4435450749,Responsable de Gestión Financiera del Programa España - Madrid,,scraped,2026-07-07T01:21:44.618519,
67983e76c1730b04,https://es.linkedin.com/jobs/view/vendedor-a-temporal-refuerzo-verano-at-jysk-4433189458,VENDEDOR/A TEMPORAL REFUERZO VERANO,,scraped,2026-07-07T01:21:52.257153,
e91a3797220a9810,https://es.linkedin.com/jobs/view/operador-a-sal%C3%B3n-de-juego-at-novomatic-spain-4434676415,Operador/a Salón de Juego,,scraped,2026-07-07T01:21:59.201727,
d805e5810322faf2,https://es.linkedin.com/jobs/view/oficial-de-construcci%C3%B3n-4437115455,Oficial de construcción,Alicamol,posted,2026-07-07T01:22:12.817000,99
6a2363803d6e62db,https://es.linkedin.com/jobs/view/warehouse-process-control-specialist-at-action-4437176107,Warehouse Process Control Specialist,,scraped,2026-07-07T01:22:15.821150,
33d95b8e3b118a60,https://es.linkedin.com/jobs/view/montador-conductos-y-aislamiento-at-aiscaltu-sl-4435802632,Montador Conductos y Aislamiento,,scraped,2026-07-07T01:22:25.255199,
0a567a6f8ccd2101,https://es.linkedin.com/jobs/view/traductor-a-ingl%C3%A9s-a-espa%C3%B1ol-teletrabajo-at-tusclasesparticulares-4435448819,Traductor/a Inglés a Español - Teletrabajo,,scraped,2026-07-07T01:23:37.376720,
a0a6cb02604d4fdb,https://es.linkedin.com/jobs/view/data-center-security-specialist-dc-security-team-at-amazon-web-services-aws-4426391038,"Data Center Security Specialist, DC Security team",Amazon Web Services (AWS),posted,2026-07-07T01:25:28.313809,101
1a4036ee9c78193f,https://es.linkedin.com/jobs/view/ajudant-a-de-cuina-o-marmit%C3%B3-na-jornada-completa-a-premi%C3%A0-de-mar-at-%E5%AE%89%E5%9F%8E%E7%89%9B%E4%B9%B3%E8%B2%A9%E5%A3%B2%EF%BC%88%E6%A0%AA%EF%BC%89-4436255284,Ajudant/a de cuina o Marmitó/na jornada completa a Premià de Mar,安城牛乳販売（株）,posted,2026-07-07T01:28:01.359871,103
b65cfb870982e631,https://es.linkedin.com/jobs/view/coordinador-a-monitor-a-nataci%C3%B3n-actividades-dirigidas-el-masnou-at-marsave-salvamento-y-socorrismo-4436926312,Coordinador/a - Monitor/a natación -  Actividades dirigidas El Masnou,,scraped,2026-07-07T01:28:04.094906,
ce4b0dfa13567db6,https://es.linkedin.com/jobs/view/service-technician-cadiz-at-vestas-4388171853,Service Technician - Cadiz,,scraped,2026-07-07T01:28:11.120490,
e938e8b8d7f628d8,https://es.linkedin.com/jobs/view/commercial-support-assistant-at-peninsula-4433165893,Commercial Support Assistant,,scraped,2026-07-07T01:28:17.994100,
b69254ad5ec48984,https://es.linkedin.com/jobs/view/ssff-consultant-m-f-d-at-deutsche-telekom-4436380071,SSFF Consultant (m/f/d),,scraped,2026-07-07T01:28:24.846327,
b4d77dc41923b36b,https://www.linkedin.com/jobs/view/37932/,"1,000+Account Manager Financial Services Jobs in United States",,failed|wp_post_failed,2026-07-07T01:28:34.140898,
b1a9e5df5610b353,https://es.linkedin.com/jobs/view/store-manager-oviedo-m-h-apertura-de-tienda-at-courir-4436798169,Store Manager Oviedo - M/H - (Apertura de Tienda),,scraped,2026-07-07T01:28:37.172988,
5197a36675eb6449,https://es.linkedin.com/jobs/view/adjunto-a-gerente-para-ronda-m%C3%A1laga-at-somos-grupo-mas-4434340818,ADJUNTO/A GERENTE para RONDA (Málaga),,scraped,2026-07-07T01:28:45.079429,
0ebb1311a37333fa,https://es.linkedin.com/jobs/view/amazon-3d-designer-at-greenlight-media-pte-ltd-4436938365,Amazon 3D Designer,Greenlight Media Pte Ltd,posted,2026-07-07T01:29:40.214397,105
438cbaf1dfaea059,https://es.linkedin.com/jobs/view/agente-de-atenci%C3%B3n-al-cliente-%E2%80%93-m%C3%BAdate-a-atenas-at-savior-artigos-texteis-lda-4435294746,Agente de Atención al Cliente – Múdate a Atenas,,scraped,2026-07-07T01:29:43.140518,
f6a3d4b417b461df,https://es.linkedin.com/jobs/view/agente-de-atenci%C3%B3n-al-cliente-%E2%80%93-m%C3%BAdate-a-atenas-at-savior-artigos-texteis-lda-4435408135,Agente de Atención al Cliente – Múdate a Atenas,,scraped,2026-07-07T01:29:52.249810,
9c255208f9692d4c,https://es.linkedin.com/jobs/view/administratiu-va-prove%C3%AFdors-at-grup-boadella-4432775628,ADMINISTRATIU/VA PROVEÏDORS,,scraped,2026-07-07T01:30:00.891634,
e5d7f527c0850cf4,https://es.linkedin.com/jobs/view/partnerships-manager-at-mondia-4437156784,Partnerships Manager,,scraped,2026-07-07T01:30:13.742966,
a884c32c8ac097d5,https://es.linkedin.com/jobs/view/sales-assistant-30-h-s-c-c-los-prados-oviedo-at-guaw-4435260172,Sales Assistant 30 H/S - C.C Los Prados (Oviedo),,scraped,2026-07-07T01:30:23.137497,
8dc1c9279e960428,https://es.linkedin.com/jobs/view/freelance-graphic-designer-at-mindrift-4436713461,Freelance Graphic Designer,,scraped,2026-07-07T01:30:31.378588,
07bb1eb55830a28a,https://es.linkedin.com/jobs/view/recepcionista-admtvo-at-sylvan-formaci%C3%B3n-de-futuro-4436928191,Recepcionista/Admtvo.,,scraped,2026-07-07T01:33:44.632645,
4fa2cecc06069196,https://es.linkedin.com/jobs/view/operario-a-de-mantenimiento-at-powerco-4434971131,Operario/a de Mantenimiento,,scraped,2026-07-07T01:37:03.428016,
0a41d3c5ec982013,https://es.linkedin.com/jobs/view/contract-events-at-moxy-barcelona-4436079523,Contract & Events,Moxy Barcelona,posted,2026-07-07T01:37:34.390306,107
08d4edc18c114383,https://es.linkedin.com/jobs/view/direcci%C3%B3n-general-at-empresa-de-seleccion-4436325286,Dirección General,Empresa de Seleccion,posted,2026-07-07T01:37:45.317769,109
c77f38e1d2020015,https://es.linkedin.com/jobs/view/ejecutivo-comercial-de-grupos-at-stage-entertainment-espa%C3%B1a-4435116393,Ejecutivo comercial de grupos,,scraped,2026-07-07T01:37:48.354796,
860509425d9b5e60,https://es.linkedin.com/jobs/view/rotaturnos-salones-de-juego-emotiva-at-emotiva-4436929171,Rotaturnos salones de Juego Emotiva,,scraped,2026-07-07T01:37:55.833480,
d8039f0233513b22,https://es.linkedin.com/jobs/view/rotaturnos-salones-de-juego-emotiva-at-emotiva-4436921399,Rotaturnos salones de Juego Emotiva,,scraped,2026-07-07T01:38:03.381800,
ac641f6e0a6a65a8,https://es.linkedin.com/jobs/view/responsable-de-hostel-at-sant-jordi-hostels-4436160486,Responsable de Hostel,,scraped,2026-07-07T01:38:11.004229,
28ae50412e6fd13c,https://es.linkedin.com/jobs/view/ayudante-de-charcuter%C3%ADa-carnicer%C3%ADa-a-30h-para-san-fernando-at-somos-grupo-mas-4435246866,AYUDANTE DE CHARCUTERÍA/CARNICERÍA a 30h para SAN FERNANDO,,scraped,2026-07-07T01:38:18.754232,
84936b92beb14d34,https://es.linkedin.com/jobs/view/responsable-mejora-continua-log%C3%ADstica-at-colorbaby-4436345975,Responsable Mejora Continua Logística,,scraped,2026-07-07T01:38:27.214695,
6c863b00d7c9eacf,https://es.linkedin.com/jobs/view/jefe-a-de-grupo-madrid-at-bilba-constructora-4435443871,Jefe/a de Grupo Madrid,,scraped,2026-07-07T01:38:34.413648,
2e02198859498108,https://es.linkedin.com/jobs/view/junior-program-coordinator-at-bavarian-capital-4436077895,Junior Program Coordinator,,scraped,2026-07-07T01:38:43.406735,
709b9f1ea1c9e02b,https://es.linkedin.com/jobs/view/junior-design-engineer-madrid-at-elcee-4434345343,Junior Design Engineer (Madrid),,scraped,2026-07-07T01:38:49.852708,
3911b3575b55c244,https://es.linkedin.com/jobs/view/oficial-de-primera-construcci%C3%B3n-y-rehabilitaci%C3%B3n-at-ilerwork-4435233879,Oficial De Primera - Construcción Y Rehabilitación,Ilerwork,posted,2026-07-07T01:39:06.213805,111
7c4fbbca993ce89d,https://es.linkedin.com/jobs/view/store-manager-m-h-apertura-de-tienda-at-courir-4436788551,Store Manager - M/H - (Apertura de Tienda),,scraped,2026-07-07T01:39:08.944898,
d25b8f78ab651f55,https://es.linkedin.com/jobs/view/freelance-brand-designer-at-mindrift-4435807483,Freelance Brand Designer,,scraped,2026-07-07T01:39:16.780778,
659db544deb55898,https://es.linkedin.com/jobs/view/asesor-a-comercial-administrativo-at-fincas-blanco-4435373773,Asesor/a comercial administrativo,Fincas Blanco,posted,2026-07-07T01:39:46.741998,113
b43a1396d2acdda8,https://es.linkedin.com/jobs/view/t%C3%A9cnico-especialista-en-cctv-y-alarmas-at-servihogar-m%C3%A1laga-4433739509,Técnico especialista en CCTV y Alarmas,,scraped,2026-07-07T01:39:49.380181,
019c3f908bd7c87d,https://es.linkedin.com/jobs/view/ayudante-camarero-a-25h-at-catalonia-hotels-resorts-4436960225,Ayudante Camarero/a 25h,,scraped,2026-07-07T01:39:56.285897,
1592b5a143d3f768,https://es.linkedin.com/jobs/view/comercial-zona-madrid-at-factorycr-4433188682,COMERCIAL ZONA MADRID,,scraped,2026-07-07T01:40:03.169119,
3abd40e10388e190,https://es.linkedin.com/jobs/view/operaciones-log%C3%ADcistas-con-conocimientos-de-sap-at-kaleido-ideas-logistics-4435452105,OPERACIONES LOGÍCISTAS (CON CONOCIMIENTOS DE SAP),,scraped,2026-07-07T01:43:07.784021,
2ffc572d6666d2b7,https://es.linkedin.com/jobs/view/planning-director-at-f%C3%BAtbol-emotion-4434675383,Planning Director,,scraped,2026-07-07T01:43:18.138200,
d02e38e898b909ad,https://es.linkedin.com/jobs/view/t%C3%A9cnico-de-recursos-humanos-laboral-at-despachos-bk-etl-global-4434341393,Técnico De Recursos Humanos - Laboral,,scraped,2026-07-07T01:43:25.509050,
d10b47048e5fa321,https://es.linkedin.com/jobs/view/docencia-at-gala-formaci%C3%B3n-4434972634,Docencia,,scraped,2026-07-07T01:43:34.450228,
e360561c454da794,https://es.linkedin.com/jobs/view/ayudante-camarero-a-25h-at-catalonia-hotels-resorts-4436922974,Ayudante Camarero/a 25h,,scraped,2026-07-07T01:43:41.535708,
9283323126a73866,https://es.linkedin.com/jobs/view/profesores-tutores-as-ele-y-apoyo-escolar-clases-particulares-at-apprentus-4435371450,Profesores/tutores (as) ELE y Apoyo Escolar clases particulares,,scraped,2026-07-07T01:43:48.824141,
fc2c8f73148fa771,https://es.linkedin.com/jobs/view/telephone-operator-at-the-ritz-carlton-tenerife-abama-4436997104,Telephone Operator,,scraped,2026-07-07T01:43:55.787347,
3b2cb94d4a7ea4b8,https://es.linkedin.com/jobs/view/jefe-a-de-obra-proyecto-residencial-de-lujo-at-confiarte-4433740512,Jefe/a de Obra - Proyecto Residencial de Lujo,,scraped,2026-07-07T01:44:02.812361,
835a1700b65f481d,https://es.linkedin.com/jobs/view/recepcionista-de-noche-h-m-at-steigenberger-hotel-resort-camp-de-mar-4436923367,Recepcionista de noche (h/m),,scraped,2026-07-07T01:44:12.196300,
01f4a1f62e19bb75,https://es.linkedin.com/jobs/view/operarios-as-proyecto-de-desguace-de-contenedores-at-empleabilidad-ett-4434366830,OPERARIOS/AS (PROYECTO DE DESGUACE DE CONTENEDORES),,scraped,2026-07-07T01:44:19.485353,
8338f692b39d9fd5,https://es.linkedin.com/jobs/view/gsa-aux-sanitario-temporal-gij%C3%B3n-at-umivale-activa-4435228081,GSA - Aux. Sanitario Temporal Gijón,,scraped,2026-07-07T01:44:28.650754,
d4978e1af20824d4,https://es.linkedin.com/jobs/view/head-of-finance-cfo-at-fyst-4435822070,Head of Finance / CFO,,scraped,2026-07-07T01:44:36.002620,
1c2e5d92b1daa0cf,https://es.linkedin.com/jobs/view/profesor-a-particular-de-pintura-at-tus-media-4435425788,Profesor/a Particular de Pintura,,scraped,2026-07-07T01:44:43.202266,
4172c7156b8c3c69,https://es.linkedin.com/jobs/view/repartidor-a-de-pedidos-at-enrique-tom%C3%A1s-4435369915,REPARTIDOR/A DE PEDIDOS,,scraped,2026-07-07T01:44:51.084445,
c1b8fdcdffb3f59d,https://es.linkedin.com/jobs/view/vendedor-a-deportista-monta%C3%B1a-y-camping-decathlon-telde-at-decathlon-4434619270,VENDEDOR/A DEPORTISTA MONTAÑA Y CAMPING  Decathlon Telde,,scraped,2026-07-07T01:44:58.290422,
085f7da66280f7e2,https://es.linkedin.com/jobs/view/agente-de-atenci%C3%B3n-al-cliente-%E2%80%93-m%C3%BAdate-a-atenas-at-savior-artigos-texteis-lda-4435409080,Agente de Atención al Cliente – Múdate a Atenas,,scraped,2026-07-07T01:45:05.463442,
684006752a85c772,https://es.linkedin.com/jobs/view/agente-de-atenci%C3%B3n-al-cliente-%E2%80%93-m%C3%BAdate-a-atenas-at-savior-artigos-texteis-lda-4435408136,Agente de Atención al Cliente – Múdate a Atenas,,scraped,2026-07-07T01:45:14.458004,
533412a1b7eece1c,https://es.linkedin.com/jobs/view/agente-de-atenci%C3%B3n-al-cliente-%E2%80%93-m%C3%BAdate-a-atenas-at-savior-artigos-texteis-lda-4435298664,Agente de Atención al Cliente – Múdate a Atenas,,scraped,2026-07-07T01:45:23.161724,
3bc7adc7a4cb92e7,https://es.linkedin.com/jobs/view/agente-de-atenci%C3%B3n-al-cliente-%E2%80%93-m%C3%BAdate-a-atenas-at-savior-artigos-texteis-lda-4435287875,Agente de Atención al Cliente – Múdate a Atenas,,scraped,2026-07-07T01:45:32.113417,
837b0e19b2849c8d,https://es.linkedin.com/jobs/view/agente-de-atenci%C3%B3n-al-cliente-%E2%80%93-m%C3%BAdate-a-atenas-at-savior-artigos-texteis-lda-4435402430,Agente de Atención al Cliente – Múdate a Atenas,,scraped,2026-07-07T01:45:40.915171,
54fbed92a9e84158,https://es.linkedin.com/jobs/view/assistant-international-masters-full-time-at-eada-business-school-4434669599,Assistant - International Masters Full Time,EADA Business School,posted,2026-07-07T01:45:58.671718,115
e53e95e137ae9532,https://es.linkedin.com/jobs/view/retail-manager-especialista-en-materiales-m%C3%A1laga-at-rpc-the-retail-performance-company-4435052352,Retail Manager Especialista en Materiales - Málaga,,scraped,2026-07-07T01:46:01.596034,
5b878fe995863cc8,https://es.linkedin.com/jobs/view/intensivista-tenerife-at-leader-clinics-4434666139,Intensivista Tenerife,,scraped,2026-07-07T01:46:08.604893,
771b7c111479ebfb,https://es.linkedin.com/jobs/view/client-advisor-at-prada-4434330951,Client Advisor,,scraped,2026-07-07T01:46:16.369058,
ba083280c1845b59,https://es.linkedin.com/jobs/view/t%C3%A9cnico-a-en-redes-sociales-at-joyeria-4436978551,Técnico/a en Redes Sociales,,scraped,2026-07-07T01:46:23.267582,
3d3e732d87d7db78,https://es.linkedin.com/jobs/view/profesores-de-ele-para-clases-particulares-at-apprentus-4435372392,Profesores de ELE para clases particulares,,scraped,2026-07-07T01:46:32.115178,
71454436c54a25f6,https://es.linkedin.com/jobs/view/personal-shopper-luxury-buyers-at-azur-aliance-4436009098,Personal Shopper - Luxury Buyers,Azur Aliance,posted,2026-07-07T01:46:47.742230,117
1cd1e16b582dd39c,https://es.linkedin.com/jobs/view/monitors-es-casal-social-agost-barcelona-nou-barris-at-fundacio-pere-tarres-4434329083,Monitors/es casal social AGOST Barcelona (Nou Barris),,scraped,2026-07-07T01:46:50.496879,
7ab11c77d9016709,https://es.linkedin.com/jobs/view/controlador-a-de-accesos-at-fundaci%C3%B3n-nortempo-4434926388,Controlador/a de Accesos,,scraped,2026-07-07T01:46:57.211503,
dcf8e4731350e7c1,https://es.linkedin.com/jobs/view/director-a-de-cliente-at-intelcia-4436374268,Director/a de Cliente,,scraped,2026-07-07T01:47:09.306757,
72bdc4735fa9b2aa,https://es.linkedin.com/jobs/view/monitor-campus-de-verano-con-t%C3%ADtulo-de-monitor-de-nataci%C3%B3n-at-club-nataci%C3%B3-atl%C3%A8tic-barceloneta-4435512659,MONITOR CAMPUS DE VERANO CON TÍTULO DE MONITOR DE NATACIÓN,,scraped,2026-07-07T01:47:16.971577,
2bd61297f5e6e24b,https://es.linkedin.com/jobs/view/monitor-a-deportivo-multidisciplinar-calpe-at-synergym-espa%C3%B1a-4435222095,Monitor/a Deportivo Multidisciplinar - Calpe,,scraped,2026-07-07T01:47:24.222004,
249f7426ef71739e,https://es.linkedin.com/jobs/view/business-developer-junior-at-leyton-4436223000,Business Developer ( Junior),,scraped,2026-07-07T01:47:32.047939,
dc5a3389c3aa21ee,https://es.linkedin.com/jobs/view/conductor-a-de-autob%C3%BAs-at-autotransportes-moreno-s-l-4433742986,Conductor/a de autobús,,scraped,2026-07-07T01:47:40.509292,
dd8a34539fa2ba7a,https://es.linkedin.com/jobs/view/ffycc-seguridad-preparadores-de-oposiciones-4437150762,FFYCC SEGURIDAD PREPARADORES DE OPOSICIONES,FORMACION EN SEGURIDAD Y EMERGENCIAS. OPOSICIONES.,posted,2026-07-07T01:47:54.351522,119
441f2cb2a5322494,https://es.linkedin.com/jobs/view/asistente-de-responsable-de-tienda-at-action-4436375413,Asistente de responsable de tienda,,scraped,2026-07-07T01:47:57.143910,
d98f7fef7ddf51f9,https://es.linkedin.com/jobs/view/spa-therapist-4437130114,Spa Therapist,The loyal group,posted,2026-07-07T01:48:09.652621,121
4d211d52d156adbc,https://es.linkedin.com/jobs/view/repartidor-a-carnet-b-en-poblenou-at-aquaservice-viva-aqua-service-spain-s-a-4432382933,REPARTIDOR/A CARNET B EN POBLENOU,,scraped,2026-07-07T01:48:12.259846,
a3e308e13e601a18,https://es.linkedin.com/jobs/view/fregador-a-pinche-at-abba-hoteles-4436761029,Fregador/a Pinche,,scraped,2026-07-07T01:48:19.343139,
60d8fcb8bc5abb2f,https://es.linkedin.com/jobs/view/business-development-manager-canarias-at-sazerac-company-4423645026,Business Development Manager - Canarias,Sazerac Company,posted,2026-07-07T01:48:34.534575,123
9b44a2542cee6611,https://es.linkedin.com/jobs/view/risk-specialist-at-leovegas-group-4434656175,Risk Specialist,,scraped,2026-07-07T01:48:37.295714,
be8f77c4a07e2487,https://es.linkedin.com/jobs/view/t%C3%A9cnico-de-mantenimiento-de-hoteles-y-edificios-valencia-m-f-d-at-limehome-4418090570,Técnico de mantenimiento de hoteles y edificios - Valencia (m/f/d),,scraped,2026-07-07T01:48:45.313115,
4e69689dd7f3436d,https://es.linkedin.com/jobs/view/scala-developer-at-signify-technology-4407950615,Scala Developer,,scraped,2026-07-07T01:48:52.642162,
031e4a70c9a088a0,https://es.linkedin.com/jobs/view/senior-planner-at-elusav-recruitment-4432354837,Senior Planner,,scraped,2026-07-07T01:49:00.446984,
a487421b06700263,https://es.linkedin.com/jobs/view/pescadero-a-en-torredelcampo-ja%C3%A9n-at-dia-espa%C3%B1a-4436728461,PESCADERO/A EN TORREDELCAMPO (JAÉN),,scraped,2026-07-07T01:49:07.098264,
7bcd96ecd56f2a15,https://es.linkedin.com/jobs/view/media-planner-sevilla-at-glocally-4437180162,Media Planner (Sevilla),,scraped,2026-07-07T01:49:14.208756,
3aef34834dcbfac1,https://es.linkedin.com/jobs/view/cash-specialist-at-elrowfamily-4435009186,Cash Specialist,,scraped,2026-07-07T01:49:22.281497,
224c2bc112b6cea3,https://es.linkedin.com/jobs/view/t%C3%A9cnico-de-n%C3%B3minas-4289358309,Técnico de nóminas,Asesoría Rubí,posted,2026-07-07T01:49:36.446321,125
7e2b256ecd5ccc94,https://es.linkedin.com/jobs/view/especialista-xarcuteria-carn-caprabo-caldes-de-montbui-at-caprabo-4435378779,Especialista XARCUTERIA- CARN (Caprabo Caldes de Montbui),,scraped,2026-07-07T01:49:39.426143,
86c133201d21d664,https://es.linkedin.com/jobs/view/conductor-a-profesional-at-horbagon-sl-4437407054,Conductor/a profesional,,scraped,2026-07-07T01:49:48.843551,
f5ced8bc944b34d6,https://es.linkedin.com/jobs/view/monitor-a-deportivo-multidisciplinar-algeciras-at-synergym-espa%C3%B1a-4435456266,Monitor/a Deportivo Multidisciplinar - Algeciras,,scraped,2026-07-07T01:50:11.913140,
a1ffa27aa4bcfb3b,https://es.linkedin.com/jobs/view/administrativo-a-de-obra-sector-construcci%C3%B3n-madrid-at-confiarte-4433742506,Administrativo/a de Obra - Sector Construcción (Madrid),,scraped,2026-07-07T01:50:19.766962,
1903924aa2483a17,https://es.linkedin.com/jobs/view/inspector-a-reglamentario-gran-canaria-at-apave-portugal-antes-eisp-qualidade-4437174696,Inspector/a reglamentario Gran Canaria,,scraped,2026-07-07T01:50:28.653329,
4ca1e11a9fd0884e,https://es.linkedin.com/jobs/view/t%C3%A9cnico-medioambiental-at-grupo-seg-4435808814,Técnico Medioambiental,,scraped,2026-07-07T01:50:35.844273,
3e7f0f80c0dfc743,https://es.linkedin.com/jobs/view/front-of-house-positions-%E2%80%93-beach-club-amp-brasserie-astoria-marbella-at-frantz%C3%A9n-group-4437473994,Front of House Positions – Beach Club &amp; Brasserie Astoria Marbella,,scraped,2026-07-07T01:50:46.607717,
8ee0232407b4259c,https://es.linkedin.com/jobs/view/auxiliar-control-educativo-turno-de-noches-at-grupo-el-castillo-4434389394,AUXILIAR CONTROL EDUCATIVO (TURNO DE NOCHES),,scraped,2026-07-07T01:50:54.556665,
2ac835947b5fa523,https://es.linkedin.com/jobs/view/controller-financiero-administrativo-at-ames-arquitectos-4434652916,Controller Financiero-Administrativo,,scraped,2026-07-07T01:51:03.852809,
bf229b161b473f77,https://es.linkedin.com/jobs/view/cajero-a-reponedor-a-en-coru%C3%B1a-at-dia-espa%C3%B1a-4436779619,Cajero/a Reponedor/a en Coruña,,scraped,2026-07-07T01:51:10.846782,
610b7128b97e30bc,https://es.linkedin.com/jobs/view/trabajador-a-social-at-amavir-4435719322,Trabajador/a Social,,scraped,2026-07-07T01:51:17.390096,
ed00811370b263ab,https://es.linkedin.com/jobs/view/adjunto-a-a-gerente-para-trebujena-at-somos-grupo-mas-4435257344,ADJUNTO/A A GERENTE para TREBUJENA,,scraped,2026-07-07T01:51:32.897508,
95356a8bc4e80cfe,https://es.linkedin.com/jobs/view/asvf-matem%C3%A1ticas-eso-excedencia-curso-completo-at-salesianos-espa%C3%B1a-4435441502,ASVF Matemáticas ESO - Excedencia curso completo,Salesianos España,posted,2026-07-07T01:51:49.475779,127
c3dcf98692dc0cca,https://es.linkedin.com/jobs/view/abogado-at-allende-abogados-4434671068,Abogado,Allende Abogados,posted,2026-07-07T01:52:12.098363,129
275c5811b96b6edd,https://es.linkedin.com/jobs/view/dependienta-panader%C3%ADa-cafeter%C3%ADa-at-waffle-time-4436172042,Dependienta Panadería-Cafetería,Waffle Time,posted,2026-07-07T01:52:24.650687,131
09d5469aa1b81bcd,https://es.linkedin.com/jobs/view/psic%C3%B3logo-a-at-grupo-el-castillo-4434672489,PSICÓLOGO/A,,scraped,2026-07-07T01:52:27.306160,
42f4a154451d0697,https://es.linkedin.com/jobs/view/psic%C3%B3logo-a-at-grupo-el-castillo-4434678263,PSICÓLOGO/A,,scraped,2026-07-07T01:52:36.398663,
eeedc95e93e7febc,https://es.linkedin.com/jobs/view/secretario-a-de-direcci%C3%B3n-h-m-x-at-manpowergroup-4437141901,Secretario/a de Dirección (H/M/X),,scraped,2026-07-07T01:52:45.502993,
c30a109aceb69d94,https://es.linkedin.com/jobs/view/oficial-a-1%C2%BA-polivalente-mantenimiento-at-comsa-corporaci%C3%B3n-4434999271,Oficial/a 1º Polivalente Mantenimiento,COMSA Corporación,posted,2026-07-07T01:53:17.970592,133
0c72dc1b1d170048,https://es.linkedin.com/jobs/view/costurer-a-at-hospital-cl%C3%ADnic-de-barcelona-4434379902,Costurer/a,,scraped,2026-07-07T01:53:20.713990,
d16c088ffad7f263,https://es.linkedin.com/jobs/view/sales-assistant-20-h-s-p-c-tavernes-valencia-at-guaw-4435238995,Sales Assistant 20 h/s - P.C Tavernes (Valencia),,scraped,2026-07-07T01:53:27.989495,
6a1a93ca89009b88,https://es.linkedin.com/jobs/view/ayudante-a-de-cocina-at-teikit-4435379713,Ayudante/a de Cocina,,scraped,2026-07-07T01:53:36.890175,
964723be03a91c2a,https://es.linkedin.com/jobs/view/topografo-de-campo-y-gabinete-para-obras-en-madrid-at-esfera-topogr%C3%A1fica-4433191699,TOPOGRAFO DE CAMPO Y GABINETE PARA OBRAS EN MADRID,,scraped,2026-07-07T01:53:45.262152,
dbe0a8ce05796b86,https://es.linkedin.com/jobs/view/administrador-a-puesto-trabajo-virtual-junior-remoto-at-irium-4436790437,ADMINISTRADOR/A PUESTO TRABAJO VIRTUAL JUNIOR (REMOTO),,scraped,2026-07-07T01:53:53.824343,
986e2e67a5950f22,https://es.linkedin.com/jobs/view/auxiliar-ayuda-domicilio-beas-de-segura-at-macrosad-4436302415,AUXILIAR AYUDA DOMICILIO BEAS DE SEGURA,,scraped,2026-07-07T01:54:00.201898,
6c70f499d704f30d,https://es.linkedin.com/jobs/view/spanish-audio-recording-specialists-needed-new-at-edatabae-4435778777,Spanish Audio Recording Specialists Needed- New,eDataBae,posted,2026-07-07T01:54:16.315955,135
71b06879f8a180fd,https://es.linkedin.com/jobs/view/psicopedagogos-clases-particulares-sin-experiencia-at-tus-media-4435422951,Psicopedagogos - Clases Particulares - Sin Experiencia,,scraped,2026-07-07T01:54:18.972089,
e947bd07499bc0f2,https://es.linkedin.com/jobs/view/junior-aerospace-engineer-palma-de-mallorca-at-avisland-aviation-island-4433742359,Junior Aerospace Engineer Palma de Mallorca,,scraped,2026-07-07T01:54:31.058852,
2de755cf514575ea,https://es.linkedin.com/jobs/view/t%C3%A9cnico-de-soporte-it-junior-grupo-barbill%C3%B3n-at-barbill%C3%B3n-family-corp-4435004452,Técnico de Soporte IT Junior - Grupo Barbillón,,scraped,2026-07-07T01:54:39.790446,
7f903a1f7b4a4eb3,https://es.linkedin.com/jobs/view/director-general-at-catenon-4437162669,Director General,,scraped,2026-07-07T01:54:48.657806,
529375ae03d4d14c,https://es.linkedin.com/jobs/view/buyer-denim-at-encuentro-4436382215,Buyer Denim,,scraped,2026-07-07T01:54:55.724852,
11404f4731357fbf,https://es.linkedin.com/jobs/view/especialista-en-estetica-at-alinea-tu-salud-xiaxi-4436742073,Especialista en estetica,Alinea tu Salud (Xiaxi),posted,2026-07-07T01:55:37.056260,137
a2b73af8fdabfe2b,https://es.linkedin.com/jobs/view/administratiu-va-de-suport-corporatiu-temporal-barcelona-at-intress-4434628000,Administratiu/va de suport Corporatiu (Temporal) - Barcelona,,scraped,2026-07-07T01:55:39.730741,
2d931eab8011be8d,https://es.linkedin.com/jobs/view/t%C3%A9cnico-a-de-aduanas-at-grupo-alonso-4436090987,Técnico/a de aduanas,,scraped,2026-07-07T01:55:50.140148,
d7696805b76968e9,https://es.linkedin.com/jobs/view/business-assistant-project-manager-at-adrian-magnus-4436906408,Business Assistant / Project Manager,,scraped,2026-07-07T01:55:57.999055,
281ff4ec5be7bc05,https://es.linkedin.com/jobs/view/district-manager-at-jobgether-4436092688,District Manager,,scraped,2026-07-07T01:58:06.545069,
07e6ed5ca48763ca,https://es.linkedin.com/jobs/view/head-strategic-business-development-at-confidential-4433901067,Head Strategic Business Development,Confidential,posted,2026-07-07T02:00:44.896665,139
af021056b3bf3ef5,https://es.linkedin.com/jobs/view/bolsa-de-trabajo-para-la-cobertura-interina-o-temporal-de-educador-o-educadora-social-n%C3%BAm-proceso-bt-2-2018-at-ayuntamiento-de-rivas-vaciamadrid-4436957740,Bolsa de trabajo para la cobertura interina o temporal de Educador o Educadora Social. Núm proceso BT-2/2018,,scraped,2026-07-07T02:00:47.528171,
3c68ba45e0092b1d,https://es.linkedin.com/jobs/view/oficiales-as-1%C2%AA-polivalente-tarragona-at-comsa-corporaci%C3%B3n-4435106166,Oficiales/as 1ª Polivalente - TARRAGONA--,COMSA Corporación,posted,2026-07-07T02:01:06.874454,141
064c19609a134cc2,https://es.linkedin.com/jobs/view/abogado-laboralista-relaciones-laborales-y-administraci%C3%B3n-de-personal-at-squirrel-4433925932,Abogado Laboralista - Relaciones Laborales y Administración de Personal,,scraped,2026-07-07T02:01:09.605245,
ec5a054b3d79dba6,https://es.linkedin.com/jobs/view/ayudante-de-cocina-ferias-de-valladolid-at-grupo-moga-4435574401,Ayudante de cocina (Ferias de Valladolid),,scraped,2026-07-07T02:01:16.783674,
1df4e53a056e67b6,https://es.linkedin.com/jobs/view/english-teacher-at-ink-lingua-4433114423,English Teacher,,scraped,2026-07-07T02:01:26.046569,
a929ae3251221ee6,https://es.linkedin.com/jobs/view/auxiliar-de-mantenimiento-at-balnearios-relais-termal-4432358334,Auxiliar de mantenimiento,,scraped,2026-07-07T02:01:39.201424,
1563eda414ef92b3,https://es.linkedin.com/jobs/view/buyer-newborn-at-mango-4437405807,BUYER NEWBORN,,scraped,2026-07-07T02:01:50.686770,
875bf4ce710d8d63,https://es.linkedin.com/jobs/view/monitor-a-deportivo-multidisciplinar-zaragoza-aljaferia-at-synergym-espa%C3%B1a-4434672484,Monitor/a Deportivo Multidisciplinar - Zaragoza Aljaferia,,scraped,2026-07-07T02:01:57.405677,
b1e0f2d37865b616,https://es.linkedin.com/jobs/view/t%C3%A9cnico-a-en-prevenci%C3%B3n-de-riesgos-laborales-a-coru%C3%B1a-ferrol-y-lugo-at-mercadona-4433183089,"Técnico/a en prevención de Riesgos Laborales A Coruña, Ferrol y Lugo",,scraped,2026-07-07T02:02:05.026213,
55e6abb83856fe9f,https://es.linkedin.com/jobs/view/personal-manejo-carretilla-h-m-d-cari%C3%B1ena-at-ilunion-4436464573,Personal Manejo Carretilla (H/M/D) Cariñena,,scraped,2026-07-07T02:02:12.585812,
b8c879118fa1cd9b,https://es.linkedin.com/jobs/view/depot-specialist-warehouse-specialist-fleet-specialist-at-jsan-consulting-group-4433151756,Depot Specialist / Warehouse Specialist/ Fleet Specialist,,scraped,2026-07-07T02:02:19.918911,
0703831f2476110a,https://es.linkedin.com/jobs/view/almac%C3%A9n-carretillero-a-at-bewi-group-4436750994,Almacén - carretillero/a,,scraped,2026-07-07T02:02:29.036488,
b041ae1fabd1188b,https://es.linkedin.com/jobs/view/limpieza-amavir-usera-at-amavir-4435723144,Limpieza Amavir Usera,,scraped,2026-07-07T02:02:38.752332,
1d6d0e12d4a963f3,https://es.linkedin.com/jobs/view/personal-gerocultor-turno-ma%C3%B1ana-1-at-amavir-4434384694,Personal Gerocultor TURNO MAÑANA 1,,scraped,2026-07-07T02:02:55.364691,
ad50544313cb0509,https://es.linkedin.com/jobs/view/head-of-transformation-cx-operations-at-jobgether-4434393828,"Head of Transformation, CX & Operations",,scraped,2026-07-07T02:03:12.092584,
13ae47227cff6fe6,https://es.linkedin.com/jobs/view/paid-media-junior-at-coolway-brand-4434669146,Paid Media - Junior,,scraped,2026-07-07T02:03:18.688002,
af3d5d1c483abcae,https://es.linkedin.com/jobs/view/brand-communications-pr-thought-leadership-manager-at-jobgether-4435795434,"Brand Communications, PR & Thought Leadership Manager",,scraped,2026-07-07T02:03:25.326305,
c965af19c8854d2c,https://es.linkedin.com/jobs/view/jefe-a-de-almac%C3%A9n-at-ses%C3%A9-4437491353,Jefe/a de almacén,,scraped,2026-07-07T02:03:31.874302,
cfba30917743d86e,https://es.linkedin.com/jobs/view/profesor-a-de-espa%C3%B1ol-para-extranjeros-ele-sin-con-experiencia-at-tusclasesparticulares-4436499261,Profesor/a de Español para Extranjeros (ELE) - Sin/Con Experiencia,Tusclasesparticulares,posted,2026-07-07T02:03:47.679035,143
39944af5451d0627,https://es.linkedin.com/jobs/view/responsable-de-desarollo-de-negocio-internacional-agribusiness-at-reclut-jobs-4435701974,Responsable de Desarollo de Negocio Internacional - Agribusiness,Reclut Jobs,posted,2026-07-07T02:04:21.281962,145
f2cf935cc156f0aa,https://es.linkedin.com/jobs/view/administrativo-a-at-la-mafia-se-sienta-a-la-mesa-4434919868,Administrativo/a,,scraped,2026-07-07T02:04:26.036753,
1bf57a9a29302ca3,https://es.linkedin.com/jobs/view/coordinador-a-de-ocio-y-tiempo-libre-majadahonda-madrid-at-grupo-pebetero-4433165892,"Coordinador/a de Ocio y Tiempo Libre (Majadahonda, Madrid)",,scraped,2026-07-07T02:04:58.641118,
7564084ffcdddc26,https://es.linkedin.com/jobs/view/educador-a-social-concurso-oposici%C3%B3n-turno-libre-n%C2%BA-ref-33291-2024-at-ayuntamiento-de-rivas-vaciamadrid-4436970213,"Educador-a social (concurso-oposición, turno libre) Nº Ref: 33291/2024",,scraped,2026-07-07T02:05:13.789366,
7165653b239de7fe,https://es.linkedin.com/jobs/view/english-teacher-at-kids-us-language-school-belux-4434393474,English Teacher,,scraped,2026-07-07T02:06:11.233286,
f39e36fe6f38cfff,https://es.linkedin.com/jobs/view/future-position-network-support-engineer-at-nsc-global-4436343099,Future position : Network Support Engineer,,scraped,2026-07-07T02:06:24.567990,
d1891f3dbd80ef4b,https://es.linkedin.com/jobs/view/t%C3%A9cnico-a-pricing-junior-at-damm-4432793613,Técnico/a Pricing Junior,,scraped,2026-07-07T02:06:37.462402,
011a22548eec690f,https://es.linkedin.com/jobs/view/agente-inmobiliario-captador-at-olympus-estates-4429462377,Agente inmobiliario Captador,,scraped,2026-07-07T02:06:50.356018,
9b0009ee0ce79f60,https://es.linkedin.com/jobs/view/coordinador-a-ocio-y-tiempo-libre-psicolog%C3%ADa-at-madrid-4436967865,Coordinador/a Ocio y Tiempo Libre_Psicología,,scraped,2026-07-07T02:07:00.908126,
cf78c7c7d5600528,https://es.linkedin.com/jobs/view/marketing-director-defense-at-jobgether-4434325041,Marketing Director - Defense,,scraped,2026-07-07T02:07:11.513522,
c0c1984b43958cdf,https://es.linkedin.com/jobs/view/letrado-a-n%C3%BAm-proceso-12-2017-se-deja-sin-efecto-la-convocatoria-at-ayuntamiento-de-rivas-vaciamadrid-4436974107,"Letrado/a Núm Proceso 12/2017 ""SE DEJA SIN EFECTO LA CONVOCATORIA",,scraped,2026-07-07T02:07:24.438844,
2c6e9f8a3232376e,https://es.linkedin.com/jobs/view/spanish-speaking-content-moderator-for-social-media-work-in-sofia-bulgaria-at-mercier-consultancy-md-4436948718,"Spanish Speaking Content Moderator For Social Media - Work In Sofia, Bulgaria",,scraped,2026-07-07T02:07:35.880676,
e7eccab445aa286b,https://es.linkedin.com/jobs/view/administrativo-a-comercial-at-do%C3%B1a-tomasa-4436910825,Administrativo/a Comercial,,scraped,2026-07-07T02:07:45.286356,
7e7b11d97107e8bb,https://es.linkedin.com/jobs/view/la-voz-de-galicia-busca-redactor-a-en-lal%C3%ADn-at-extradixital-4433750847,La Voz de Galicia busca redactor/a en Lalín,Extradixital,posted,2026-07-07T02:08:42.482623,147
